Id_1,0.962458,0.016883,0.0398865,0.017108,0.0101275,0.0279233,0.878532,0.00713553,0.0282265,0.0178249,0.0480661,0.0137659,0.108216,0.0748305,0.0380119,0.0157233,0.0165934,0.0243445,0.0279083,0.0143973,0.0192942,0.0309775,0.0218937,0.00835331,0.0141592,0.022122,0.0091513,0.00885986,0.0129374,0.032099,0.0213469,0.00715062,0.0402757,0.0213661,0.0134738,0.0273743,0.0335549,0.0411741,0.0237276,0.0276245,0.0284907,0.012186,0.00807081,0.00732658,0.0196443,0.0287729,0.0105367,0.0137513,0.0183748,0.0386663
Id_2,0.018194,0.918402,0.0393365,0.0288274,0.0193893,0.0454593,0.0172557,0.0219878,0.0294143,0.0495188,0.0751988,0.0161468,0.0351131,0.0279242,0.00691347,0.0464458,0.00193866,0.0170826,0.0287497,0.0700512,0.0243212,0.098617,0.0518376,0.0366848,0.0248313,0.0332794,0.0276108,0.0143232,0.0404754,0.0143588,0.0616848,0.0196458,0.0254451,0.0500769,0.0172248,0.197748,0.0314918,0.0212488,0.061717,0.024308,0.0586285,0.0409456,0.032368,0.031983,0.0116845,0.0196151,0.0167909,0.0257612,0.054702,0.039243
Id_3,0.0358527,0.0328106,0.827801,0.0698943,0.0424565,0.0276435,0.0370785,0.0420992,0.0533039,0.0467343,0.0904348,0.0389413,0.071241,0.0321455,0.0120159,0.0897944,0.023257,0.0358216,0.0470204,0.0717133,0.0364199,0.0229514,0.0688515,0.0581512,0.0446088,0.0553481,0.0633076,0.0365324,0.0399061,0.0181117,0.121885,0.0427325,0.0590649,0.0864583,0.0545374,0.142329,0.043202,0.0496278,0.0933495,0.0277695,0.107633,0.0568453,0.0536935,0.0298845,0.0550046,0.072487,0.0288545,0.0247985,0.0785069,0.0841025
Id_4,0.0159221,0.024896,0.0723681,0.866482,0.0632446,0.0557848,0.0165992,0.0240591,0.0740183,0.0417947,0.0496472,0.0713127,0.113505,0.0429987,0.0204603,0.0780895,0.0345798,0.0439437,0.0789965,0.113704,0.048841,0.0228313,0.0262968,0.0714558,0.052999,0.0754705,0.0578779,0.0490318,0.0707772,0.0185202,0.110968,0.0318633,0.0456776,0.0677074,0.0460591,0.100624,0.0580228,0.0262999,0.0717674,0.0554383,0.148655,0.0434662,0.0383162,0.0382941,0.0167473,0.0282644,0.0498677,0.0215407,0.0787193,0.0639851
Id_5,0.0100005,0.0177667,0.0466413,0.0671034,0.929305,0.393204,0.0114407,0.0257217,0.0640505,0.0360632,0.0340394,0.0402949,0.0448643,0.0192998,0.0247875,0.0505549,0.0283698,0.058643,0.0390147,0.079605,0.0174444,0.0207395,0.0219058,0.252525,0.0264025,0.0305828,0.0318561,0.0191455,0.0260047,0.0361973,0.0372679,0.0117687,0.0229223,0.0480231,0.0345931,0.0517176,0.0472302,0.029185,0.0772752,0.0271831,0.0860811,0.0328709,0.0213348,0.0123886,0.00580368,0.0142464,0.0309884,0.0261424,0.065036,0.066975
Id_6,0.0253073,0.0382318,0.0278725,0.0543243,0.360891,0.880199,0.0248743,0.0220771,0.079005,0.0390972,0.0584126,0.0377927,0.0490372,0.0227726,0.00979105,0.0601079,0.00379,0.0558373,0.0238561,0.0828837,0.0325326,0.0323451,0.0260423,0.196876,0.0823694,0.0719551,0.0673126,0.101043,0.0973863,0.0207749,0.102681,0.00685573,0.0376396,0.0328013,0.0296533,0.0496647,0.0310192,0.0222587,0.0442237,0.0384868,0.0381202,0.0243414,0.0249415,0.0377271,0.00800953,0.0192085,0.0571681,0.0199041,0.048958,0.0632157
Id_7,0.875055,0.015949,0.041087,0.017765,0.0115401,0.0273369,0.961635,0.0065192,0.0289301,0.0184076,0.0496373,0.0104276,0.0471643,0.065664,0.0346561,0.0161134,0.0180825,0.0251403,0.0288205,0.0158338,0.0193051,0.0325158,0.0241205,0.0108046,0.0151553,0.02348,0.0138039,0.0119455,0.0223581,0.0348276,0.0219325,0.00655015,0.0389556,0.0259762,0.0121506,0.0253953,0.0328869,0.0315761,0.0236565,0.0281218,0.0278955,0.0136706,0.00754583,0.00756607,0.0217881,0.0290775,0.0104285,0.0114759,0.0164508,0.0357966
Id_8,0.00757577,0.0216624,0.0497255,0.027446,0.0276554,0.0258621,0.00694892,0.91022,0.0262181,0.0409983,0.0509376,0.0090386,0.0446062,0.0238524,0.00689351,0.0735967,0.00997517,0.00623373,0.0194215,0.0505431,0.0400954,0.0183881,0.0459279,0.0387779,0.104056,0.0367736,0.0255554,0.0239134,0.03319,0.0210285,0.0409664,0.0350281,0.0248317,0.0390603,0.029772,0.103449,0.0186521,0.0304743,0.0696547,0.0289718,0.0657813,0.0227777,0.0588554,0.0142481,0.0325298,0.0494673,0.0269338,0.00526767,0.0528004,0.101419
Id_9,0.0268182,0.0259331,0.0563426,0.0755634,0.0616275,0.0828225,0.027596,0.0234625,0.927364,0.0407363,0.0562044,0.0398167,0.0656776,0.0285036,0.0152232,0.0521924,0.0117993,0.554741,0.0458761,0.0626006,0.0499693,0.022435,0.0384006,0.0304773,0.0234631,0.054337,0.0371222,0.027516,0.0406513,0.0205298,0.0559441,0.0175817,0.025179,0.0455976,0.0271582,0.0605078,0.0334746,0.0227638,0.0725015,0.0614077,0.0721549,0.0363689,0.0223875,0.0181654,0.0347828,0.0606217,0.0385708,0.00831148,0.0732201,0.0463373
Id_10,0.0155205,0.0400102,0.0452707,0.0391019,0.0317995,0.0375616,0.0160915,0.0336235,0.0373324,0.878875,0.0293041,0.043198,0.0393664,0.035038,0.0386604,0.0385581,0.050405,0.0331365,0.0480597,0.0757379,0.0438393,0.049266,0.022086,0.0534168,0.0269586,0.03055,0.0529198,0.0308575,0.0521085,0.0134673,0.0411608,0.00855304,0.0396346,0.425155,0.0347703,0.0364649,0.0756702,0.0160293,0.0323392,0.0544464,0.0569971,0.0196136,0.0107251,0.0153656,0.0345739,0.0396473,0.0199739,0.0972915,0.0948825,0.0576873
Id_11,0.0358128,0.0519916,0.0749617,0.039746,0.0256838,0.0480205,0.0371304,0.0357468,0.0440755,0.0250755,0.794402,0.0145592,0.0478763,0.036527,0.0114572,0.0688675,0.0194172,0.0330305,0.0287763,0.0717943,0.0304016,0.0331045,0.401006,0.0218907,0.0205617,0.0425419,0.0318655,0.00656255,0.0174545,0.0278258,0.0450867,0.0243246,0.0435196,0.0416907,0.0273351,0.130678,0.0315754,0.069377,0.0922805,0.0348195,0.0584993,0.0609383,0.031019,0.0205578,0.0794022,0.113624,0.0341116,0.0206891,0.0359662,0.0532143
Id_12,0.0117879,0.0128304,0.0370976,0.0656143,0.034943,0.0357076,0.00896478,0.00729008,0.0358859,0.0424833,0.0167329,0.88816,0.272437,0.0151376,0.0110168,0.0733727,0.0121827,0.0464296,0.1308,0.0902957,0.077957,0.0111341,0.0110313,0.0483443,0.0138676,0.0532356,0.0469689,0.0227532,0.0336215,0.0249399,0.0538925,0.0125268,0.0303775,0.0421254,0.0468927,0.0661053,0.0824194,0.0122977,0.0729285,0.0409986,0.216821,0.0449725,0.0304446,0.0176806,0.0,0.0057248,0.0247938,0.0323697,0.0924344,0.0839227
Id_13,0.0947063,0.0285155,0.0693622,0.106734,0.039762,0.0473516,0.0414404,0.0367691,0.0604969,0.0395674,0.0562354,0.278434,0.923652,0.0698392,0.0449069,0.0824077,0.0626535,0.0496386,0.252086,0.121403,0.0989622,0.0326589,0.0374887,0.0586671,0.0968955,0.0893847,0.0434607,0.0357289,0.0459742,0.049611,0.0791926,0.0640424,0.044406,0.0557528,0.0517773,0.0842769,0.0554705,0.0397667,0.102753,0.0466071,0.388647,0.0634501,0.0662136,0.0356642,0.0401754,0.0385913,0.0417311,0.0243983,0.0743676,0.0729168
Id_14,0.0648777,0.0224657,0.0310057,0.0400563,0.0169452,0.0217846,0.0571566,0.0194781,0.0260102,0.0348882,0.0425041,0.0153265,0.0691875,0.928206,0.611216,0.0319754,0.41748,0.014608,0.0142128,0.070238,0.0197104,0.0939767,0.0383677,0.0343214,0.0187394,0.0200569,0.0335091,0.00458665,0.0104474,0.0655488,0.0269158,0.00685944,0.0710464,0.0347809,0.0246409,0.044379,0.0387481,0.0308582,0.0597103,0.0325717,0.0540476,0.0298343,0.0234738,0.00710787,0.026661,0.0386843,0.0190083,0.0266017,0.0263275,0.0625634
Id_15,0.031342,0.00528965,0.0110222,0.0181267,0.0206976,0.00890754,0.0286886,0.00535361,0.0132112,0.0366097,0.0126791,0.0106079,0.0423089,0.58128,0.943167,0.0134873,0.660322,0.00675487,0.00736262,0.0496416,0.00704899,0.0634808,0.026615,0.0334984,0.00934137,0.0104996,0.0261386,0.000667917,0.00461667,0.0597294,0.0251699,0.0005089,0.0426296,0.0195553,0.0155174,0.0141029,0.0243618,0.0110273,0.0355688,0.0229079,0.0543078,0.00298556,0.0122063,0.00232222,0.0173929,0.00647116,0.0110596,0.0337088,0.015047,0.036553
Id_16,0.0130539,0.0357819,0.082937,0.0696605,0.0425047,0.0550613,0.0134308,0.0575509,0.0456067,0.0367648,0.0767378,0.0711372,0.078176,0.0306192,0.0135804,0.824957,0.0204196,0.0444079,0.0470178,0.0888503,0.0337668,0.022988,0.0727008,0.0672707,0.0681596,0.0733481,0.0456893,0.0396028,0.0702369,0.0274811,0.0788573,0.03198,0.0212066,0.0599343,0.0525556,0.16575,0.030996,0.0448405,0.126228,0.0744288,0.109488,0.0611426,0.0576121,0.0228845,0.07235,0.0858612,0.0436594,0.0260071,0.0785375,0.0738593
Id_17,0.0130874,0.00141887,0.0204069,0.0293049,0.0226596,0.00329821,0.0143185,0.00741033,0.00979492,0.0456577,0.0205544,0.0112209,0.0564644,0.379784,0.631636,0.0193986,0.9289,0.0188734,0.0164073,0.0246229,0.0060865,0.0366606,0.0417278,0.0369842,0.00676396,0.0168916,0.0240628,0.0,0.00702767,0.0484868,0.0126959,0.00353867,0.0361222,0.0389909,0.0202575,0.0264325,0.0198545,0.0181982,0.0541488,0.0293451,0.0497479,0.0151371,0.0130279,0.00796833,0.0599385,0.0445416,0.0153469,0.0669356,0.0107934,0.0234757
Id_18,0.0231332,0.0150631,0.0378692,0.0448675,0.0564327,0.0585439,0.0239843,0.00557934,0.554821,0.036163,0.0421261,0.0515227,0.0538973,0.0160106,0.00778476,0.0508278,0.0227387,0.931507,0.0509844,0.0385129,0.0517543,0.0189261,0.0340995,0.0342187,0.0248821,0.0270733,0.0322871,0.0187702,0.0206361,0.0138541,0.0430945,0.00388611,0.03,0.0317274,0.0241982,0.0289823,0.0399709,0.0205875,0.0679789,0.0625322,0.0364307,0.0155266,0.00853599,0.0120933,0.0467135,0.0244933,0.0167267,0.00824414,0.0646804,0.0426666
Id_19,0.0263511,0.0251897,0.0493921,0.0801445,0.0373056,0.0248535,0.0273207,0.0172722,0.0455911,0.0521159,0.0364672,0.144226,0.271973,0.0154785,0.00843125,0.0534731,0.019642,0.0506604,0.890227,0.11483,0.0395378,0.0202395,0.0208674,0.0585166,0.0233086,0.0461254,0.0150358,0.0269008,0.0231265,0.029958,0.0454999,0.0085,0.0298034,0.0578176,0.0539335,0.0402419,0.0669743,0.0189811,0.0872404,0.0248905,0.227337,0.0306054,0.0291602,0.0205968,0.0106895,0.0169443,0.0155903,0.0317707,0.105499,0.0885659
Id_20,0.0103911,0.0469157,0.0575816,0.0881765,0.0581833,0.0660039,0.0114733,0.034359,0.0475537,0.062779,0.0695456,0.0761051,0.10012,0.0584702,0.0434528,0.0772403,0.022532,0.0292516,0.0877741,0.816814,0.0303714,0.0326059,0.0309721,0.107641,0.0683149,0.0905929,0.0462795,0.0586666,0.0732793,0.0380874,0.0984788,0.0195935,0.0231697,0.0579667,0.071015,0.123903,0.0481235,0.0376631,0.127558,0.0465179,0.17236,0.075018,0.0230637,0.0372673,0.00337907,0.0338772,0.0402194,0.0216856,0.12248,0.0978845
Id_21,0.0183255,0.0214357,0.0384832,0.0498439,0.0167788,0.0340933,0.0184087,0.0358692,0.0499527,0.0478206,0.0387547,0.0864672,0.107401,0.0215927,0.00811984,0.0386299,0.00732955,0.0517295,0.0397717,0.0399682,0.854897,0.0172798,0.0160231,0.0197226,0.0999387,0.0439658,0.0319058,0.0219161,0.0163949,0.0275811,0.0199969,0.0914042,0.0233499,0.0369982,0.0413207,0.0229355,0.0643213,0.0273858,0.0438662,0.0655206,0.0539069,0.0246556,0.0640023,0.0215891,0.00640486,0.0224138,0.0178005,0.0131816,0.0686052,0.0692117
Id_22,0.0312232,0.092237,0.0257362,0.0247263,0.0211693,0.0359716,0.0329039,0.0174569,0.0238003,0.0570295,0.0447835,0.0131055,0.0376134,0.109253,0.0776006,0.0279085,0.0468503,0.020075,0.0216055,0.0455353,0.0183376,0.927978,0.0202004,0.0362299,0.0160686,0.0329341,0.0473377,0.0036996,0.0221788,0.0209411,0.0245548,0.0136434,0.0584889,0.0309139,0.0163838,0.126819,0.0374546,0.032473,0.041083,0.0138669,0.0576602,0.0177435,0.0163463,0.0122813,0.0447346,0.0348945,0.0194676,0.00903548,0.0407869,0.0317985
Id_23,0.0176269,0.0387279,0.0616699,0.0227488,0.0178604,0.0231343,0.0194969,0.0348282,0.0325402,0.0204219,0.433318,0.0103718,0.034488,0.035629,0.0259881,0.0705018,0.0425953,0.0288914,0.0177933,0.0345499,0.0135823,0.0161356,0.806592,0.0191889,0.021438,0.044181,0.0273732,0.00308353,0.00810063,0.00839921,0.0399636,0.0238859,0.0289067,0.0415987,0.0276346,0.139623,0.0221577,0.0380104,0.0830259,0.020661,0.0654687,0.0576917,0.0338552,0.015298,0.0975425,0.116391,0.0371325,0.0156284,0.0313709,0.040783
Id_24,0.00740207,0.0301651,0.0573268,0.0680349,0.226609,0.19249,0.00961222,0.0323652,0.0284249,0.054362,0.0260349,0.0500274,0.059402,0.0350786,0.0360007,0.0718003,0.041552,0.0319097,0.0549171,0.132158,0.0184006,0.0318516,0.0211198,0.854467,0.0410102,0.0503884,0.0399141,0.0164469,0.0409178,0.0479882,0.0521583,0.0149475,0.0368305,0.0558104,0.0400041,0.0704209,0.0657016,0.0367036,0.0578978,0.0371613,0.156934,0.0458208,0.0279387,0.0207502,0.00816826,0.0172473,0.0325457,0.0445948,0.0852073,0.0948156
Id_25,0.0123449,0.0200895,0.0432684,0.0496493,0.0233115,0.079238,0.0132658,0.0854504,0.0215307,0.0269939,0.0240606,0.0141194,0.0965298,0.0188445,0.00987756,0.0715779,0.00747703,0.0228295,0.0215226,0.0825244,0.0917385,0.0138993,0.0232153,0.0403499,0.840206,0.0519959,0.0707543,0.10397,0.0922448,0.0295738,0.0962466,0.0536117,0.0247138,0.0379189,0.0605761,0.0590297,0.0413291,0.0423205,0.0453321,0.0343803,0.0681766,0.0227809,0.089103,0.0497912,0.00450646,0.00570258,0.0480834,0.0168313,0.0377224,0.0857165
Id_26,0.0217063,0.0303013,0.0604185,0.0795681,0.0303891,0.0779013,0.0231304,0.0339858,0.0561158,0.0344267,0.0560247,0.0610004,0.100216,0.0226991,0.0124948,0.0866875,0.0210143,0.0279555,0.0479331,0.123162,0.0454202,0.0320611,0.0538447,0.0557953,0.0585174,0.88281,0.0607762,0.077745,0.0903185,0.0243822,0.140356,0.0251518,0.0279395,0.0491685,0.0480373,0.115161,0.0622888,0.0294261,0.0846172,0.041518,0.106469,0.0532045,0.041076,0.0369171,0.0429097,0.0472159,0.0408729,0.0119762,0.0458794,0.0671624
Id_27,0.00852813,0.0238767,0.0656344,0.0579539,0.0300637,0.0692131,0.012915,0.0224312,0.036411,0.0566385,0.0398558,0.0511151,0.0462785,0.0360178,0.0295424,0.051285,0.0284314,0.0316639,0.0148399,0.0597559,0.0313049,0.0437671,0.0316841,0.0419762,0.0756271,0.0577221,0.876349,0.114874,0.395008,0.00916786,0.0978053,0.0290735,0.0214097,0.0727287,0.0399916,0.0635278,0.0331625,0.0146126,0.0562662,0.0255763,0.0661372,0.011001,0.0414898,0.0462287,0.0140127,0.0253634,0.0545425,0.046983,0.0403619,0.0615172
Id_28,0.00754586,0.01132,0.034615,0.0448704,0.0165131,0.0949528,0.0102143,0.0191832,0.0246658,0.0301832,0.00750163,0.0226305,0.0347706,0.00450569,0.000689918,0.0406269,0.0,0.0168235,0.024265,0.0692299,0.0196525,0.00312613,0.00326193,0.0158078,0.101565,0.0674827,0.104986,0.85956,0.141302,0.00867418,0.122801,0.00703312,0.0192702,0.0552716,0.0369396,0.0465228,0.050228,0.0112978,0.0503366,0.00968052,0.0409901,0.0106599,0.00770741,0.0510586,0.0,0.0200813,0.0494213,0.0448091,0.0240152,0.0479728
Id_29,0.0114048,0.0331098,0.0391368,0.06704,0.0232152,0.0947242,0.0197879,0.0275581,0.0377176,0.0527562,0.0206514,0.034612,0.0463093,0.0106227,0.00493586,0.0745784,0.0078548,0.0191441,0.0215916,0.0895044,0.0152168,0.0193977,0.00886963,0.0407061,0.0932691,0.081144,0.37366,0.146254,0.900446,0.00622804,0.13594,0.0208682,0.0150135,0.0431978,0.0332599,0.0488871,0.0305737,0.01268,0.0560336,0.0289974,0.0609571,0.00855413,0.0185093,0.0401157,0.0,0.00766159,0.0393551,0.0362466,0.0478555,0.076817
Id_30,0.0327077,0.0135769,0.0205316,0.020277,0.037352,0.0233571,0.035629,0.0201821,0.0220176,0.0157602,0.0380547,0.0296771,0.0577628,0.0770382,0.0738141,0.0337286,0.0626417,0.014856,0.03233,0.0537726,0.0295898,0.0211703,0.0106302,0.0551821,0.0345636,0.0253203,0.0100243,0.0103778,0.00719894,0.916737,0.0243253,0.00585638,0.0189356,0.0274786,0.0439366,0.0253724,0.0176248,0.0358272,0.0497686,0.0153758,0.0622776,0.00757796,0.0340958,0.0173165,0.00222989,0.0102086,0.0117393,0.0201927,0.0375782,0.0956772
Id_31,0.0185882,0.049843,0.118075,0.103824,0.0328637,0.0986536,0.019174,0.0335992,0.0512724,0.0411632,0.0526928,0.0548023,0.078795,0.0270329,0.0265813,0.0827085,0.0140168,0.0394901,0.0419611,0.118814,0.0183331,0.0212133,0.0432227,0.0512544,0.0961261,0.124558,0.091389,0.125552,0.134279,0.0207875,0.839863,0.0170338,0.0525926,0.0593005,0.0422232,0.0940276,0.0601917,0.0515952,0.0772275,0.035531,0.103806,0.0308881,0.0234114,0.0612073,0.0211193,0.0311843,0.052017,0.0255089,0.0817796,0.0851107
Id_32,0.00802246,0.020453,0.0533368,0.0384109,0.0133712,0.0084867,0.00737798,0.0370152,0.0207612,0.0110206,0.0366278,0.0164123,0.0820999,0.00887638,0.000692451,0.0432164,0.00503368,0.00458821,0.0100999,0.0304576,0.10797,0.0151865,0.0332852,0.018925,0.0689886,0.0287588,0.0350018,0.00926467,0.0265587,0.00644814,0.0219468,0.922563,0.0144247,0.0402616,0.041892,0.0859285,0.0376705,0.0144317,0.0475621,0.00883513,0.053803,0.0289142,0.047097,0.022315,0.0303384,0.0376691,0.0249438,0.00715047,0.0167364,0.0159969
Id_33,0.0436463,0.0255877,0.0712095,0.0531871,0.0251559,0.045006,0.0423835,0.025346,0.028719,0.0493289,0.0632979,0.0384436,0.0549866,0.0888032,0.0560283,0.0276809,0.0496317,0.0342128,0.034206,0.0347893,0.0266416,0.062885,0.0389088,0.0450419,0.0307183,0.0308575,0.0248968,0.0245193,0.0184563,0.0201384,0.0654524,0.0139331,0.927051,0.0372981,0.0367586,0.0479639,0.0433489,0.0533318,0.0457022,0.0301879,0.0512744,0.0166242,0.0166759,0.0135326,0.0402676,0.0424472,0.0245704,0.0546977,0.0578798,0.0618456
Id_34,0.0185225,0.0402841,0.0833842,0.0630679,0.04216,0.031375,0.0226085,0.0318938,0.0416046,0.423294,0.048508,0.0426466,0.0552269,0.0347773,0.0205603,0.0625826,0.0428566,0.0289448,0.0530842,0.0696261,0.0337695,0.0265887,0.0447916,0.0546,0.0377036,0.0434408,0.0676562,0.056259,0.0424808,0.0233781,0.0590375,0.03111,0.029837,0.869804,0.0393979,0.11259,0.0627941,0.0264904,0.0669999,0.035168,0.0987172,0.038112,0.035786,0.0172369,0.0416683,0.0614821,0.0317631,0.199792,0.0713591,0.0798664
Id_35,0.0136651,0.0162107,0.0615353,0.0501926,0.0355298,0.0331833,0.0123722,0.0284402,0.0289903,0.0405001,0.0372088,0.0555391,0.0600034,0.0288247,0.0190869,0.0642021,0.0260492,0.0258269,0.0579318,0.0997922,0.044123,0.0164858,0.0348116,0.0457862,0.0704661,0.0496526,0.0435234,0.0439881,0.0382652,0.0437314,0.0491783,0.0378698,0.0344017,0.046092,0.852601,0.0898312,0.0431145,0.0443625,0.0652883,0.0149286,0.0827878,0.0347667,0.0434461,0.0164124,0.0418727,0.0541785,0.0287445,0.0297439,0.050606,0.0765379
Id_36,0.0163166,0.109376,0.0943813,0.0644447,0.0312179,0.032663,0.0151972,0.0580781,0.03796,0.0249623,0.104542,0.0460141,0.0573994,0.0305104,0.010195,0.119,0.019976,0.0181796,0.0254038,0.102327,0.0143935,0.0749968,0.103369,0.047369,0.0403563,0.069957,0.0406331,0.032559,0.0330552,0.0148419,0.0643636,0.0456521,0.0263814,0.0774132,0.0527946,0.708107,0.0264153,0.0441595,0.143254,0.0339694,0.114278,0.0930094,0.0723885,0.0297448,0.0995175,0.129162,0.0351309,0.0184666,0.0481366,0.0478812
Id_37,0.0272958,0.0237717,0.0390974,0.0507151,0.0389079,0.0278414,0.0268587,0.0142911,0.0286604,0.0706947,0.0344738,0.0782956,0.05156,0.0363557,0.0240349,0.0303704,0.0204776,0.0342175,0.0577007,0.0542397,0.0550892,0.0302284,0.0223876,0.0603144,0.0385611,0.0516402,0.0289478,0.0479737,0.0282128,0.0140704,0.0562307,0.0273135,0.0325397,0.0589231,0.034581,0.0360502,0.808708,0.0225289,0.0613429,0.0482878,0.0816298,0.0100741,0.0197445,0.00851302,0.022131,0.0272355,0.0137868,0.050579,0.0623353,0.0596801
Id_38,0.0425697,0.0203861,0.0570829,0.0292167,0.0305573,0.025392,0.0327761,0.0296762,0.0247713,0.0190333,0.0962704,0.014848,0.0469794,0.0367985,0.0138274,0.055841,0.0238554,0.0223999,0.020784,0.0539528,0.0298108,0.0333096,0.0488117,0.0428243,0.0501858,0.031006,0.0162118,0.0137148,0.0148715,0.0363522,0.0612609,0.0132993,0.0508814,0.0315931,0.0452238,0.0765972,0.0286337,0.901331,0.0583018,0.0311645,0.0692705,0.0327906,0.0294697,0.0128459,0.0424245,0.0678514,0.0288909,0.0081675,0.0455193,0.053084
Id_39,0.0186618,0.0450431,0.0816801,0.0606493,0.0615487,0.0383774,0.0186798,0.0515999,0.0600169,0.0292113,0.0974115,0.066983,0.092343,0.0541667,0.0339282,0.119581,0.0539971,0.0562649,0.0726692,0.139004,0.0363247,0.0320576,0.0811069,0.0513886,0.040894,0.067826,0.0474872,0.0464837,0.0499927,0.0384146,0.069754,0.0333424,0.0331691,0.0607857,0.0506302,0.189025,0.0593095,0.0443512,0.778471,0.060453,0.120743,0.0876536,0.0568273,0.0305692,0.0720284,0.111728,0.0350274,0.0100992,0.0917931,0.0663054
Id_40,0.027254,0.0222541,0.0304796,0.0587686,0.027159,0.0418957,0.0278549,0.0269222,0.0637656,0.0616918,0.0461062,0.0472361,0.0525412,0.0370646,0.0274104,0.0884469,0.0367074,0.0649239,0.0260078,0.0635883,0.068059,0.0135733,0.0253182,0.0413745,0.0389045,0.0417455,0.0270771,0.0112138,0.0324529,0.0148873,0.0402569,0.00776936,0.0274831,0.0400231,0.0145221,0.0562259,0.0585644,0.0297386,0.0758323,0.879317,0.0579326,0.0236373,0.0183363,0.00964036,0.00678527,0.0285058,0.0234497,0.0228677,0.08825,0.0354627
Id_41,0.0208581,0.0398294,0.0876641,0.116937,0.0638203,0.0307927,0.0205036,0.0453601,0.0555988,0.0479234,0.0574809,0.185371,0.325116,0.0456385,0.04822,0.0965485,0.0461773,0.0280675,0.176269,0.174836,0.0415517,0.0418811,0.059532,0.129657,0.0572481,0.0794386,0.0519573,0.0352346,0.0506238,0.0447451,0.0872757,0.0351087,0.0346393,0.0833667,0.0597604,0.140361,0.0734652,0.0490506,0.112392,0.0429892,0.852693,0.0552628,0.0467748,0.0399279,0.0342812,0.0547751,0.0382873,0.0385237,0.0920277,0.0980601
Id_42,0.0114333,0.0356484,0.0593347,0.0438188,0.031232,0.0251986,0.0128772,0.0201288,0.0359142,0.0211344,0.0767362,0.0492748,0.0680226,0.0322856,0.00339725,0.0690969,0.0180066,0.0153303,0.0304117,0.0975204,0.0243555,0.0165165,0.0672306,0.0485151,0.0245152,0.0508739,0.0110756,0.011743,0.00910424,0.00697755,0.0332811,0.02418,0.0143928,0.0412476,0.0321623,0.146403,0.0116192,0.0297566,0.104563,0.0224787,0.0708222,0.838253,0.0290699,0.0173563,0.105204,0.113203,0.0333723,0.0111943,0.042445,0.0324019
Id_43,0.00800518,0.0297916,0.0592489,0.0408353,0.0214299,0.0272959,0.00751422,0.0549844,0.0233715,0.0122174,0.0412936,0.0352641,0.0750435,0.0268548,0.0146836,0.0688294,0.0163837,0.0089099,0.0306322,0.0316959,0.0668378,0.0160859,0.0417084,0.0312728,0.101368,0.0415222,0.0441595,0.00897595,0.0208258,0.0331892,0.0266674,0.0416374,0.015263,0.0409445,0.0424893,0.120458,0.0240747,0.0282718,0.0716657,0.0184345,0.0633714,0.0307318,0.911033,0.011763,0.0372899,0.0518681,0.0188507,0.00969864,0.0239901,0.0544877
Id_44,0.00841081,0.0340705,0.0381669,0.0472354,0.0144025,0.0477871,0.00872026,0.0154061,0.0219487,0.0202586,0.0316748,0.0237029,0.0467823,0.00941151,0.0032332,0.0316435,0.0115981,0.0146099,0.0250421,0.059277,0.0260941,0.0139878,0.0218131,0.0268821,0.0655607,0.0431919,0.0569478,0.0688213,0.0522407,0.0195091,0.0806933,0.0228333,0.0143355,0.0228256,0.0185774,0.0572876,0.0120138,0.0142634,0.0446191,0.0112174,0.0626096,0.0212365,0.0136145,0.938867,0.0234673,0.0331996,0.0382215,0.0154869,0.0155369,0.020293
Id_45,0.0151754,0.00837598,0.0472724,0.0139011,0.00454032,0.00682704,0.0168984,0.0236693,0.028281,0.0306743,0.0823261,0.0,0.035463,0.0237555,0.0162955,0.0673207,0.0587072,0.0379761,0.0087457,0.00361678,0.00520937,0.0342861,0.0935928,0.00712096,0.00399294,0.0337829,0.011616,0.0,0.0,0.00169056,0.0187362,0.0208897,0.0287049,0.0371311,0.031894,0.128978,0.0210167,0.0316989,0.070747,0.00531294,0.0361732,0.0866218,0.029043,0.0157918,0.809329,0.234145,0.00839554,0.0113215,0.00235395,0.0293885
Id_46,0.0211674,0.0133905,0.0593266,0.0223421,0.0106138,0.0155919,0.0214765,0.0342769,0.0469396,0.0334981,0.11219,0.00491828,0.0324404,0.0328248,0.00577376,0.0760829,0.0415462,0.0189625,0.013202,0.0345313,0.0173609,0.025469,0.106353,0.0143189,0.00481182,0.0354006,0.0200227,0.0173458,0.00639384,0.00737039,0.0263462,0.0247005,0.0288157,0.0521748,0.0392994,0.159416,0.0246309,0.04828,0.104508,0.021256,0.0550422,0.0887634,0.0384707,0.0212756,0.22298,0.75101,0.0130214,0.0203425,0.0133279,0.0261936
Id_47,0.0112022,0.0165652,0.0341283,0.0569661,0.0333638,0.0670613,0.0111312,0.0269709,0.0431602,0.0243884,0.0486744,0.0307829,0.0506954,0.023309,0.0142603,0.0559089,0.0206872,0.0187143,0.0175544,0.0592453,0.0199251,0.0205343,0.0490339,0.0390478,0.0586336,0.0442864,0.0622245,0.0616921,0.0474632,0.0122485,0.0635097,0.0236372,0.0241049,0.0389536,0.030132,0.0626613,0.0180186,0.0297086,0.0473485,0.0252696,0.0556006,0.0378159,0.0202056,0.0353972,0.0115543,0.0188179,0.926617,0.0176538,0.0225494,0.0548158
Id_48,0.0130727,0.0227253,0.0262272,0.0220029,0.0251677,0.0208777,0.0109529,0.0047167,0.00831622,0.106223,0.0263975,0.0359358,0.0265028,0.0291684,0.0388648,0.0297795,0.0806788,0.00824765,0.0319875,0.0285635,0.0131935,0.008522,0.0184535,0.047842,0.0183524,0.0116032,0.0479281,0.0500154,0.0390882,0.0188389,0.027849,0.00605886,0.0479828,0.219092,0.02788,0.0294524,0.0591087,0.00750988,0.012207,0.0220347,0.0500237,0.0113425,0.00929559,0.0128248,0.0139323,0.0262869,0.0157856,0.892498,0.0418567,0.0391297
Id_49,0.0145925,0.0403119,0.0693617,0.0671719,0.0523046,0.0428994,0.0131165,0.0394952,0.0612019,0.0865398,0.0383356,0.0857253,0.0674842,0.0241157,0.0144927,0.075126,0.0108679,0.054056,0.0887334,0.13477,0.0573635,0.0321364,0.0309441,0.0763641,0.0343606,0.0371332,0.034396,0.0223929,0.0431119,0.0292877,0.0745847,0.0118469,0.0424161,0.0653709,0.0396263,0.064135,0.0608558,0.0349644,0.0926868,0.0710372,0.0998283,0.0359273,0.0192081,0.0107482,0.00241992,0.0143875,0.016844,0.0349664,0.785554,0.0978143
Id_50,0.0315403,0.0297043,0.0763216,0.0560806,0.0553255,0.0568958,0.0293156,0.0779208,0.0397825,0.0540426,0.058259,0.0799432,0.067963,0.0588624,0.0361618,0.0725679,0.0242793,0.0366257,0.0765127,0.110629,0.0594409,0.0257342,0.0413198,0.0872808,0.0801959,0.0558339,0.0538468,0.0459459,0.0710803,0.0765921,0.0797289,0.0116307,0.046552,0.0751494,0.0615581,0.0655257,0.0598445,0.0418814,0.0687675,0.0293204,0.109258,0.0281706,0.0448103,0.0144193,0.0310318,0.0290433,0.0420574,0.0335753,0.100468,0.780681
